ts_code,symbol,display_code,name,board,exchange,market_raw,sw_l1_code,sw_l1_name,sw_l2_code,sw_l2_name,sw_l2_display,list_status,list_date,list_age_days,list_age_years,close,pct_chg,is_st,is_normal_listed,has_latest_quote,suspend_days_20,suspend_days_40,suspend_days_60,suspend_days_90,default_passed,default_reject_reasons
300010.SZ,300010,300010,ST豆神,创业板,深市,创业板,801210.SI,社会服务,801994.SI,教育,教育,L,20091030,6088,16.67,2.14,4.902,True,True,True,0,1,2,2,False,ST、近60日停牌
300020.SZ,300020,300020,ST银江,创业板,深市,创业板,801750.SI,计算机,801103.SI,IT服务Ⅱ,IT服务Ⅱ,L,20091030,6088,16.67,3.47,1.462,True,True,True,0,0,0,0,False,ST
300027.SZ,300027,300027,ST华谊,创业板,深市,创业板,801760.SI,传媒,801766.SI,影视院线,影视院线,L,20091030,6088,16.67,1.68,2.439,True,True,True,0,0,2,2,False,ST、近60日停牌
300029.SZ,300029,300029,天龙退,创业板,深市,创业板,801720.SI,建筑装饰,801724.SI,专业工程,专业工程,L,20091225,6032,16.51,0.15,0.0,False,True,True,12,32,33,33,False,近60日停牌
300044.SZ,300044,300044,*ST赛为,创业板,深市,创业板,801750.SI,计算机,801103.SI,IT服务Ⅱ,IT服务Ⅱ,L,20100120,6006,16.44,5.56,8.171,True,True,True,0,0,2,2,False,ST、近60日停牌
300052.SZ,300052,300052,中青宝,创业板,深市,创业板,801760.SI,传媒,801764.SI,游戏Ⅱ,游戏Ⅱ,L,20100211,5984,16.38,13.81,1.994,False,True,True,0,0,2,2,False,近60日停牌
300067.SZ,300067,300067,安诺其,创业板,深市,创业板,801030.SI,基础化工,801034.SI,化学制品,化学制品,L,20100421,5915,16.19,5.66,4.428,False,True,True,0,0,10,10,False,近60日停牌
300068.SZ,300068,300068,ST南都,创业板,深市,创业板,801730.SI,电力设备,801737.SI,电池,电池,L,20100421,5915,16.19,4.3,4.623,True,True,True,0,0,2,2,False,ST、近60日停牌
300069.SZ,300069,300069,金利华电,创业板,深市,创业板,801730.SI,电力设备,801738.SI,电网设备,电网设备,L,20100421,5915,16.19,33.35,4.775,False,True,True,0,11,11,11,False,近60日停牌
300076.SZ,300076,300076,*ST宁视,创业板,深市,创业板,801080.SI,电子,801084.SI,光学光电子,光学光电子,L,20100430,5906,16.17,4.49,3.935,True,True,True,0,1,2,2,False,ST、近60日停牌
300081.SZ,300081,300081,ST恒信,创业板,深市,创业板,801770.SI,通信,801223.SI,通信服务,通信服务,L,20100520,5886,16.11,3.91,-0.761,True,True,True,0,0,2,2,False,ST、近60日停牌
300087.SZ,300087,300087,ST荃银,创业板,深市,创业板,801010.SI,农林牧渔,801016.SI,种植业,种植业,L,20100526,5880,16.1,5.25,-2.416,True,True,True,2,2,2,2,False,ST、近60日停牌
300091.SZ,300091,300091,*ST金灵,创业板,深市,创业板,801890.SI,机械设备,801072.SI,通用设备,通用设备,L,20100625,5850,16.02,2.48,1.224,True,True,True,0,0,0,2,False,ST
300093.SZ,300093,300093,金刚光伏,创业板,深市,创业板,801730.SI,电力设备,801735.SI,光伏设备,光伏设备,L,20100708,5837,15.98,27.04,3.127,False,True,True,2,2,2,2,False,近60日停牌
300096.SZ,300096,300096,ST易联众,创业板,深市,创业板,801750.SI,计算机,801103.SI,IT服务Ⅱ,IT服务Ⅱ,L,20100728,5817,15.93,9.34,0.107,True,True,True,0,0,0,0,False,ST
300123.SZ,300123,300123,ST亚光,创业板,深市,创业板,801740.SI,国防军工,801745.SI,军工电子Ⅱ,军工电子Ⅱ,L,20100928,5755,15.76,3.79,7.365,True,True,True,0,0,2,2,False,ST、近60日停牌
300125.SZ,300125,300125,*ST聆达,创业板,深市,创业板,801160.SI,公用事业,801161.SI,电力,电力,L,20101013,5740,15.72,9.17,1.214,True,True,True,0,0,0,0,False,ST
300147.SZ,300147,300147,*ST香雪,创业板,深市,创业板,801150.SI,医药生物,801155.SI,中药Ⅱ,中药Ⅱ,L,20101215,5677,15.54,9.48,-0.316,True,True,True,0,0,2,2,False,ST、近60日停牌
300152.SZ,300152,300152,*ST动力,创业板,深市,创业板,801970.SI,环保,801971.SI,环境治理,环境治理,L,20101229,5663,15.5,1.69,4.969,True,True,True,0,0,2,2,False,ST、近60日停牌
300159.SZ,300159,300159,新研股份,创业板,深市,创业板,801890.SI,机械设备,801074.SI,专用设备,专用设备,L,20110107,5654,15.48,3.42,2.395,False,True,True,2,2,2,2,False,近60日停牌
300167.SZ,300167,300167,ST迪威迅,创业板,深市,创业板,801750.SI,计算机,801103.SI,IT服务Ⅱ,IT服务Ⅱ,L,20110125,5636,15.43,4.61,3.132,True,True,True,0,0,0,0,False,ST
300173.SZ,300173,300173,ST福能,创业板,深市,创业板,801730.SI,电力设备,801737.SI,电池,电池,L,20110201,5629,15.41,3.25,2.524,True,True,True,0,0,0,0,False,ST
300175.SZ,300175,300175,朗源股份,创业板,深市,创业板,801010.SI,农林牧渔,801012.SI,农产品加工,农产品加工,L,20110215,5615,15.37,5.56,20.086,False,True,True,1,2,2,2,False,近60日停牌
300198.SZ,300198,300198,*ST纳川,创业板,深市,创业板,801710.SI,建筑材料,801713.SI,装修建材,装修建材,L,20110407,5564,15.23,2.22,4.225,True,True,True,0,0,2,2,False,ST、近60日停牌
300205.SZ,300205,300205,*ST天喻,创业板,深市,创业板,801770.SI,通信,801102.SI,通信设备,通信设备,L,20110421,5550,15.2,5.0,1.626,True,True,True,0,0,0,0,False,ST
300211.SZ,300211,300211,*ST亿通,创业板,深市,创业板,801770.SI,通信,801223.SI,通信服务,通信服务,L,20110505,5536,15.16,7.49,4.317,True,True,True,0,0,0,0,False,ST
300212.SZ,300212,300212,*ST易录,创业板,深市,创业板,801750.SI,计算机,801103.SI,IT服务Ⅱ,IT服务Ⅱ,L,20110505,5536,15.16,9.4,0.106,True,True,True,0,0,2,2,False,ST、近60日停牌
300214.SZ,300214,300214,日科化学,创业板,深市,创业板,801030.SI,基础化工,801034.SI,化学制品,化学制品,L,20110511,5530,15.14,,,False,True,False,3,3,3,3,False,近60日停牌、无最新行情
300225.SZ,300225,300225,金力泰,创业板,深市,创业板,801030.SI,基础化工,801034.SI,化学制品,化学制品,L,20110531,5510,15.09,8.12,2.267,True,True,True,2,2,2,2,False,ST、近60日停牌
300237.SZ,300237,300237,ST美晨,创业板,深市,创业板,801880.SI,汽车,801093.SI,汽车零部件,汽车零部件,L,20110629,5481,15.01,1.82,7.059,True,True,True,0,0,0,0,False,ST
300245.SZ,300245,300245,ST天玑,创业板,深市,创业板,801750.SI,计算机,801103.SI,IT服务Ⅱ,IT服务Ⅱ,L,20110719,5461,14.95,5.68,3.085,True,True,True,0,0,2,2,False,ST、近60日停牌
300268.SZ,300268,300268,佳沃食品,创业板,深市,创业板,801010.SI,农林牧渔,801012.SI,农产品加工,农产品加工,L,20110927,5391,14.76,11.37,11.252,False,True,True,0,2,2,2,False,近60日停牌
300290.SZ,300290,300290,ST荣科,创业板,深市,创业板,801750.SI,计算机,801103.SI,IT服务Ⅱ,IT服务Ⅱ,L,20120216,5249,14.37,5.32,-20.0,True,True,True,2,2,2,2,False,ST、近60日停牌
300295.SZ,300295,300295,*ST三六五,创业板,深市,创业板,801760.SI,传媒,801767.SI,数字媒体,数字媒体,L,20120315,5221,14.29,10.14,2.424,True,True,True,0,0,2,2,False,ST、近60日停牌
300301.SZ,300301,300301,ST长方,创业板,深市,创业板,801080.SI,电子,801084.SI,光学光电子,光学光电子,L,20120321,5215,14.28,3.79,-1.558,True,True,True,0,0,0,0,False,ST
300311.SZ,300311,300311,ST任子行,创业板,深市,创业板,801750.SI,计算机,801104.SI,软件开发,软件开发,L,20120425,5180,14.18,5.22,0.967,True,True,True,0,0,0,0,False,ST
300313.SZ,300313,300313,天山生物,创业板,深市,创业板,801010.SI,农林牧渔,801017.SI,养殖业,养殖业,L,20120425,5180,14.18,8.07,6.184,False,True,True,2,2,2,2,False,近60日停牌
300326.SZ,300326,300326,ST凯利,创业板,深市,创业板,801150.SI,医药生物,801153.SI,医疗器械,医疗器械,L,20120613,5131,14.05,6.19,2.483,True,True,True,0,0,0,0,False,ST
300332.SZ,300332,300332,天壕能源,创业板,深市,创业板,801160.SI,公用事业,801163.SI,燃气Ⅱ,燃气Ⅱ,L,20120628,5116,14.01,,,False,True,False,4,4,4,4,False,近60日停牌、无最新行情
300338.SZ,300338,300338,*ST开元,创业板,深市,创业板,801210.SI,社会服务,801994.SI,教育,教育,L,20120726,5088,13.93,2.9,8.209,True,True,True,0,0,2,2,False,ST、近60日停牌
300343.SZ,300343,300343,联创股份,创业板,深市,创业板,801030.SI,基础化工,801034.SI,化学制品,化学制品,L,20120801,5082,13.91,6.8,19.93,False,True,True,2,2,2,2,False,近60日停牌
300352.SZ,300352,300352,ST信源,创业板,深市,创业板,801750.SI,计算机,801104.SI,软件开发,软件开发,L,20120912,5040,13.8,2.79,3.717,True,True,True,0,1,2,2,False,ST、近60日停牌
300366.SZ,300366,300366,ST创意,创业板,深市,创业板,801750.SI,计算机,801104.SI,软件开发,软件开发,L,20140127,4538,12.42,4.59,3.378,True,True,True,0,0,0,0,False,ST
300385.SZ,300385,300385,ST雪浪,创业板,深市,创业板,801970.SI,环保,801971.SI,环境治理,环境治理,L,20140626,4388,12.01,12.1,20.04,True,True,True,0,0,2,7,False,ST、近60日停牌
300396.SZ,300396,300396,ST迪瑞,创业板,深市,创业板,801150.SI,医药生物,801153.SI,医疗器械,医疗器械,L,20140910,4312,11.81,6.56,5.466,True,True,True,0,1,2,2,False,ST、近60日停牌
300411.SZ,300411,300411,金盾股份,创业板,深市,创业板,801890.SI,机械设备,801074.SI,专用设备,专用设备,L,20141231,4200,11.5,7.21,1.407,False,True,True,6,6,6,6,False,近60日停牌
300419.SZ,300419,300419,ST浩丰,创业板,深市,创业板,801750.SI,计算机,801103.SI,IT服务Ⅱ,IT服务Ⅱ,L,20150122,4178,11.44,7.04,-0.845,True,True,True,0,0,0,0,False,ST
300430.SZ,300430,300430,*ST益通,创业板,深市,创业板,801890.SI,机械设备,801072.SI,通用设备,通用设备,L,20150319,4122,11.29,4.59,5.034,True,True,True,0,1,2,2,False,ST、近60日停牌
300460.SZ,300460,300460,ST惠伦,创业板,深市,创业板,801080.SI,电子,801083.SI,元件,元件,L,20150515,4065,11.13,10.61,7.497,True,True,True,0,0,0,0,False,ST
300462.SZ,300462,300462,ST华铭,创业板,深市,创业板,801750.SI,计算机,801101.SI,计算机设备,计算机设备,L,20150527,4053,11.1,10.18,4.518,True,True,True,0,0,0,0,False,ST
300472.SZ,300472,300472,*ST新元,创业板,深市,创业板,801890.SI,机械设备,801074.SI,专用设备,专用设备,L,20150611,4038,11.06,6.82,-8.333,True,True,True,0,0,0,0,False,ST
300477.SZ,300477,300477,ST合纵,创业板,深市,创业板,801730.SI,电力设备,801737.SI,电池,电池,L,20150610,4039,11.06,2.54,9.483,True,True,True,0,0,0,0,False,ST
300506.SZ,300506,300506,名家汇,创业板,深市,创业板,801720.SI,建筑装饰,801722.SI,装修装饰Ⅱ,装修装饰Ⅱ,L,20160324,3751,10.27,6.46,-0.615,True,True,True,2,2,2,2,False,ST、近60日停牌
300527.SZ,300527,300527,ST应急,创业板,深市,创业板,801740.SI,国防军工,801743.SI,地面兵装Ⅱ,地面兵装Ⅱ,L,20160805,3617,9.9,6.8,4.615,True,True,True,0,0,0,0,False,ST
300550.SZ,300550,300550,和仁科技,创业板,深市,创业板,801750.SI,计算机,801104.SI,软件开发,软件开发,L,20161018,3543,9.7,13.81,3.601,False,True,True,0,6,6,6,False,近60日停牌
300555.SZ,300555,300555,ST路通,创业板,深市,创业板,801770.SI,通信,801102.SI,通信设备,通信设备,L,20161018,3543,9.7,13.35,5.284,True,True,True,0,0,0,0,False,ST
300561.SZ,300561,300561,汇金科技,创业板,深市,创业板,801750.SI,计算机,801104.SI,软件开发,软件开发,L,20161117,3513,9.62,16.94,19.972,False,True,True,0,2,2,2,False,近60日停牌
300594.SZ,300594,300594,ST朗进,创业板,深市,创业板,801890.SI,机械设备,801076.SI,轨交设备Ⅱ,轨交设备Ⅱ,L,20190621,2567,7.03,14.51,4.765,True,True,True,0,0,2,2,False,ST、近60日停牌
300665.SZ,300665,300665,飞鹿股份,创业板,深市,创业板,801030.SI,基础化工,801034.SI,化学制品,化学制品,L,20170613,3305,9.05,10.07,-1.564,False,True,True,5,5,5,5,False,近60日停牌
300685.SZ,300685,300685,艾德生物,创业板,深市,创业板,801150.SI,医药生物,801153.SI,医疗器械,医疗器械,L,20170802,3255,8.91,17.69,5.048,False,True,True,3,5,5,5,False,近60日停牌
300716.SZ,300716,300716,*ST泉为,创业板,深市,创业板,801730.SI,电力设备,801735.SI,光伏设备,光伏设备,L,20171109,3156,8.64,22.36,-2.698,True,True,True,0,1,2,2,False,ST、近60日停牌
300807.SZ,300807,300807,天迈科技,创业板,深市,创业板,801750.SI,计算机,801101.SI,计算机设备,计算机设备,L,20191219,2386,6.53,40.7,0.025,False,True,True,0,2,11,11,False,近60日停牌
300831.SZ,300831,300831,ST派瑞,创业板,深市,创业板,801080.SI,电子,801081.SI,半导体,半导体,L,20200507,2246,6.15,18.13,-6.402,True,True,True,2,2,2,2,False,ST、近60日停牌
300851.SZ,300851,300851,交大思诺,创业板,深市,创业板,801890.SI,机械设备,801076.SI,轨交设备Ⅱ,轨交设备Ⅱ,L,20200717,2175,5.95,22.77,2.337,False,True,True,0,11,11,11,False,近60日停牌
300899.SZ,300899,300899,上海凯鑫,创业板,深市,创业板,801970.SI,环保,801971.SI,环境治理,环境治理,L,20201016,2084,5.71,29.16,5.309,False,True,True,0,2,2,2,False,近60日停牌
300965.SZ,300965,300965,恒宇信通,创业板,深市,创业板,801740.SI,国防军工,801742.SI,航空装备Ⅱ,航空装备Ⅱ,L,20210402,1916,5.25,42.62,0.614,False,True,True,0,6,10,10,False,近60日停牌
301022.SZ,301022,301022,海泰科,创业板,深市,创业板,801880.SI,汽车,801093.SI,汽车零部件,汽车零部件,L,20210702,1825,5.0,22.68,0.532,False,True,True,0,0,11,11,False,近60日停牌
301030.SZ,301030,301030,*ST仕净,创业板,深市,创业板,801970.SI,环保,801972.SI,环保设备Ⅱ,环保设备Ⅱ,L,20210722,1805,4.94,10.18,5.165,True,True,True,0,1,2,2,False,ST、近60日停牌
301096.SZ,301096,301096,百诚医药,创业板,深市,创业板,801150.SI,医药生物,801156.SI,医疗服务,医疗服务,L,20211220,1654,4.53,57.66,0.822,False,True,True,0,6,6,6,False,近60日停牌
301139.SZ,301139,301139,*ST元道,创业板,深市,创业板,801770.SI,通信,801223.SI,通信服务,通信服务,L,20220708,1454,3.98,4.35,-0.229,True,True,True,0,2,2,2,False,ST、近60日停牌
301173.SZ,301173,301173,毓恬冠佳,创业板,深市,创业板,801880.SI,汽车,801093.SI,汽车零部件,汽车零部件,L,20250303,485,1.33,30.16,1.515,False,True,True,0,0,0,0,False,上市时间不足
301275.SZ,301275,301275,汉朔科技,创业板,深市,创业板,801080.SI,电子,801082.SI,其他电子Ⅱ,其他电子Ⅱ,L,20250311,477,1.31,45.47,1.27,False,True,True,0,0,0,0,False,上市时间不足
301288.SZ,301288,301288,清研环境,创业板,深市,创业板,801970.SI,环保,801972.SI,环保设备Ⅱ,环保设备Ⅱ,L,20220422,1531,4.19,17.62,2.442,False,True,True,0,2,2,2,False,近60日停牌
301309.SZ,301309,301309,万得凯,创业板,深市,创业板,801890.SI,机械设备,801072.SI,通用设备,通用设备,L,20220919,1381,3.78,31.12,1.533,False,True,True,0,0,4,11,False,近60日停牌
301449.SZ,301449,301449,天溯计量,创业板,深市,创业板,801210.SI,社会服务,801218.SI,专业服务,专业服务,L,20251223,190,0.52,38.94,0.62,False,True,True,0,0,0,0,False,上市时间不足
301458.SZ,301458,301458,钧崴电子,创业板,深市,创业板,801080.SI,电子,801083.SI,元件,元件,L,20250110,537,1.47,58.05,-0.701,False,True,True,0,0,0,0,False,上市时间不足
301479.SZ,301479,301479,弘景光电,创业板,深市,创业板,801080.SI,电子,801084.SI,光学光电子,光学光电子,L,20250318,470,1.29,62.81,4.335,False,True,True,0,0,0,0,False,上市时间不足
301491.SZ,301491,301491,汉桑科技,创业板,深市,创业板,801080.SI,电子,801085.SI,消费电子,消费电子,L,20250806,329,0.9,39.94,1.706,False,True,True,0,0,0,0,False,上市时间不足
301501.SZ,301501,301501,恒鑫生活,创业板,深市,创业板,801140.SI,轻工制造,801142.SI,家居用品,家居用品,L,20250319,469,1.28,26.92,3.459,False,True,True,0,0,0,0,False,上市时间不足
301513.SZ,301513,301513,尚水智能,创业板,深市,创业板,801730.SI,电力设备,801737.SI,电池,电池,L,20260417,75,0.21,67.78,-2.433,False,True,True,0,0,0,0,False,上市时间不足
301522.SZ,301522,301522,上大股份,创业板,深市,创业板,801050.SI,有色金属,801051.SI,金属新材料,金属新材料,L,20241016,623,1.71,26.97,3.057,False,True,True,0,0,0,0,False,上市时间不足
301531.SZ,301531,301531,春光集团,创业板,深市,创业板,801050.SI,有色金属,801051.SI,金属新材料,金属新材料,L,20260511,51,0.14,73.88,-1.48,False,True,True,0,0,0,0,False,上市时间不足
301535.SZ,301535,301535,浙江华远,创业板,深市,创业板,801880.SI,汽车,801093.SI,汽车零部件,汽车零部件,L,20250327,461,1.26,13.66,1.788,False,True,True,0,0,0,0,False,上市时间不足
301551.SZ,301551,301551,无线传媒,创业板,深市,创业板,801760.SI,传媒,801995.SI,电视广播Ⅱ,电视广播Ⅱ,L,20240926,643,1.76,20.36,3.193,False,True,True,0,0,0,0,False,上市时间不足
301552.SZ,301552,301552,科力装备,创业板,深市,创业板,801880.SI,汽车,801093.SI,汽车零部件,汽车零部件,L,20240722,709,1.94,22.91,2.597,False,True,True,0,0,0,0,False,上市时间不足
301556.SZ,301556,301556,托普云农,创业板,深市,创业板,801750.SI,计算机,801103.SI,IT服务Ⅱ,IT服务Ⅱ,L,20241017,622,1.7,60.8,4.003,False,True,True,0,0,0,0,False,上市时间不足
301557.SZ,301557,301557,常友科技,创业板,深市,创业板,801730.SI,电力设备,801736.SI,风电设备,风电设备,L,20250304,484,1.33,91.01,0.11,False,True,True,0,0,0,0,False,上市时间不足
301560.SZ,301560,301560,众捷汽车,创业板,深市,创业板,801880.SI,汽车,801093.SI,汽车零部件,汽车零部件,L,20250425,432,1.18,26.96,0.861,False,True,True,0,0,0,0,False,上市时间不足
301563.SZ,301563,301563,云汉芯城,创业板,深市,创业板,801080.SI,电子,801082.SI,其他电子Ⅱ,其他电子Ⅱ,L,20250930,274,0.75,167.2,-4.123,False,True,True,0,0,0,0,False,上市时间不足
301571.SZ,301571,301571,国科天成,创业板,深市,创业板,801740.SI,国防军工,801745.SI,军工电子Ⅱ,军工电子Ⅱ,L,20240821,679,1.86,64.68,-0.767,False,True,True,0,0,0,0,False,上市时间不足
301575.SZ,301575,301575,艾芬达,创业板,深市,创业板,801140.SI,轻工制造,801142.SI,家居用品,家居用品,L,20250910,294,0.8,27.69,3.282,False,True,True,0,0,0,0,False,上市时间不足
301581.SZ,301581,301581,黄山谷捷,创业板,深市,创业板,801880.SI,汽车,801093.SI,汽车零部件,汽车零部件,L,20250103,544,1.49,50.41,-0.963,False,True,True,0,0,0,0,False,上市时间不足
301584.SZ,301584,301584,建发致新,创业板,深市,创业板,801150.SI,医药生物,801154.SI,医药商业,医药商业,L,20250925,279,0.76,20.5,2.808,False,True,True,0,0,0,0,False,上市时间不足
301585.SZ,301585,301585,蓝宇股份,创业板,深市,创业板,801030.SI,基础化工,801034.SI,化学制品,化学制品,L,20241220,558,1.53,25.94,2.896,False,True,True,0,0,0,0,False,上市时间不足
301586.SZ,301586,301586,佳力奇,创业板,深市,创业板,801740.SI,国防军工,801742.SI,航空装备Ⅱ,航空装备Ⅱ,L,20240828,672,1.84,33.7,0.119,False,True,True,0,0,0,0,False,上市时间不足
301590.SZ,301590,301590,优优绿能,创业板,深市,创业板,801730.SI,电力设备,801733.SI,其他电源设备Ⅱ,其他电源设备Ⅱ,L,20250605,391,1.07,132.55,0.837,False,True,True,0,0,0,0,False,上市时间不足
301592.SZ,301592,301592,六九一二,创业板,深市,创业板,801740.SI,国防军工,801745.SI,军工电子Ⅱ,军工电子Ⅱ,L,20241024,615,1.68,145.56,9.981,False,True,True,0,0,0,0,False,上市时间不足
301595.SZ,301595,301595,太力科技,创业板,深市,创业板,801140.SI,轻工制造,801142.SI,家居用品,家居用品,L,20250519,408,1.12,40.79,3.005,False,True,True,0,0,0,0,False,上市时间不足
301598.SZ,301598,301598,博科测试,创业板,深市,创业板,801890.SI,机械设备,801074.SI,专用设备,专用设备,L,20241220,558,1.53,50.24,1.454,False,True,True,0,0,0,0,False,上市时间不足
301599.SZ,301599,301599,理奇智能,创业板,深市,创业板,801730.SI,电力设备,801737.SI,电池,电池,L,20260430,62,0.17,44.97,-0.465,False,True,True,0,0,1,1,False,上市时间不足、近60日停牌
301600.SZ,301600,301600,慧翰股份,创业板,深市,创业板,801750.SI,计算机,801101.SI,计算机设备,计算机设备,L,20240911,658,1.8,89.48,-2.101,False,True,True,0,0,0,0,False,上市时间不足
301601.SZ,301601,301601,惠通科技,创业板,深市,创业板,801890.SI,机械设备,801074.SI,专用设备,专用设备,L,20250115,532,1.46,15.94,2.049,False,True,True,0,0,0,0,False,上市时间不足
301602.SZ,301602,301602,超研股份,创业板,深市,创业板,801150.SI,医药生物,801153.SI,医疗器械,医疗器械,L,20250122,525,1.44,14.34,4.367,False,True,True,0,0,0,0,False,上市时间不足
301603.SZ,301603,301603,乔锋智能,创业板,深市,创业板,801890.SI,机械设备,801072.SI,通用设备,通用设备,L,20240710,721,1.97,138.86,-3.435,False,True,True,0,0,0,0,False,上市时间不足
301606.SZ,301606,301606,绿联科技,创业板,深市,创业板,801080.SI,电子,801085.SI,消费电子,消费电子,L,20240726,705,1.93,60.49,-0.869,False,True,True,0,0,0,0,False,上市时间不足
301607.SZ,301607,301607,富特科技,创业板,深市,创业板,801880.SI,汽车,801093.SI,汽车零部件,汽车零部件,L,20240904,665,1.82,51.59,-1.263,False,True,True,0,0,0,0,False,上市时间不足
301608.SZ,301608,301608,博实结,创业板,深市,创业板,801750.SI,计算机,801101.SI,计算机设备,计算机设备,L,20240801,699,1.91,52.38,4.218,False,True,True,0,0,0,0,False,上市时间不足
301609.SZ,301609,301609,山大电力,创业板,深市,创业板,801730.SI,电力设备,801738.SI,电网设备,电网设备,L,20250723,343,0.94,33.62,1.235,False,True,True,0,0,0,0,False,上市时间不足
301611.SZ,301611,301611,珂玛科技,创业板,深市,创业板,801080.SI,电子,801081.SI,半导体,半导体,L,20240816,684,1.87,184.48,2.449,False,True,True,0,0,0,0,False,上市时间不足
301613.SZ,301613,301613,新铝时代,创业板,深市,创业板,801880.SI,汽车,801093.SI,汽车零部件,汽车零部件,L,20241025,614,1.68,37.21,2.141,False,True,True,0,0,0,0,False,上市时间不足
301616.SZ,301616,301616,浙江华业,创业板,深市,创业板,801890.SI,机械设备,801072.SI,通用设备,通用设备,L,20250327,461,1.26,34.6,3.222,False,True,True,0,0,0,0,False,上市时间不足
301617.SZ,301617,301617,博苑新材,创业板,深市,创业板,801030.SI,基础化工,801034.SI,化学制品,化学制品,L,20241211,567,1.55,65.4,11.13,False,True,True,0,0,0,0,False,上市时间不足
301618.SZ,301618,301618,长联科技,创业板,深市,创业板,801030.SI,基础化工,801034.SI,化学制品,化学制品,L,20240930,639,1.75,48.27,5.003,False,True,True,0,0,0,0,False,上市时间不足
301622.SZ,301622,301622,英思特,创业板,深市,创业板,801050.SI,有色金属,801051.SI,金属新材料,金属新材料,L,20241204,574,1.57,47.09,-0.021,False,True,True,0,0,0,0,False,上市时间不足
301626.SZ,301626,301626,苏州天脉,创业板,深市,创业板,801080.SI,电子,801085.SI,消费电子,消费电子,L,20241024,615,1.68,343.5,-10.538,False,True,True,0,0,0,0,False,上市时间不足
301628.SZ,301628,301628,强达电路,创业板,深市,创业板,801080.SI,电子,801083.SI,元件,元件,L,20241031,608,1.66,105.37,-0.076,False,True,True,0,0,0,0,False,上市时间不足
301629.SZ,301629,301629,矽电股份,创业板,深市,创业板,801080.SI,电子,801081.SI,半导体,半导体,L,20250324,464,1.27,439.0,1.998,False,True,True,0,0,0,0,False,上市时间不足
301630.SZ,301630,301630,同宇新材,创业板,深市,创业板,801080.SI,电子,801086.SI,电子化学品Ⅱ,电子化学品Ⅱ,L,20250710,356,0.97,244.5,-2.263,False,True,True,0,0,0,0,False,上市时间不足
301631.SZ,301631,301631,壹连科技,创业板,深市,创业板,801880.SI,汽车,801093.SI,汽车零部件,汽车零部件,L,20241122,586,1.6,76.6,6.596,False,True,True,0,0,0,0,False,上市时间不足
301632.SZ,301632,301632,广东建科,创业板,深市,创业板,801210.SI,社会服务,801218.SI,专业服务,专业服务,L,20250812,323,0.88,15.7,1.421,False,True,True,0,0,0,0,False,上市时间不足
301633.SZ,301633,301633,港迪技术,创业板,深市,创业板,801890.SI,机械设备,801078.SI,自动化设备,自动化设备,L,20241107,601,1.65,49.94,6.687,False,True,True,0,0,0,0,False,上市时间不足
301636.SZ,301636,301636,泽润新能,创业板,深市,创业板,801730.SI,电力设备,801735.SI,光伏设备,光伏设备,L,20250516,411,1.13,42.51,0.95,False,True,True,0,0,0,0,False,上市时间不足
301638.SZ,301638,301638,南网数字,创业板,深市,创业板,801750.SI,计算机,801103.SI,IT服务Ⅱ,IT服务Ⅱ,L,20251118,225,0.62,23.79,-1.081,False,True,True,0,0,0,0,False,上市时间不足
301656.SZ,301656,301656,联合动力,创业板,深市,创业板,801880.SI,汽车,801093.SI,汽车零部件,汽车零部件,L,20250925,279,0.76,17.67,2.554,False,True,True,0,0,0,0,False,上市时间不足
301658.SZ,301658,301658,首航新能,创业板,深市,创业板,801730.SI,电力设备,801735.SI,光伏设备,光伏设备,L,20250402,455,1.25,26.82,-0.556,False,True,True,0,0,0,0,False,上市时间不足
301662.SZ,301662,301662,宏工科技,创业板,深市,创业板,801730.SI,电力设备,801737.SI,电池,电池,L,20250417,440,1.2,95.39,-5.853,False,True,True,0,0,0,0,False,上市时间不足
301665.SZ,301665,301665,泰禾股份,创业板,深市,创业板,801030.SI,基础化工,801038.SI,农化制品,农化制品,L,20250411,446,1.22,21.34,1.813,False,True,True,0,0,0,0,False,上市时间不足
301666.SZ,301666,301666,大普微,创业板,深市,创业板,801080.SI,电子,801081.SI,半导体,半导体,L,20260416,76,0.21,624.53,-5.188,False,True,True,0,4,4,4,False,上市时间不足、近60日停牌
301667.SZ,301667,301667,纳百川,创业板,深市,创业板,801880.SI,汽车,801093.SI,汽车零部件,汽车零部件,L,20251223,190,0.52,71.61,-0.982,False,True,True,0,0,0,0,False,上市时间不足
301668.SZ,301668,301668,昊创瑞通,创业板,深市,创业板,801730.SI,电力设备,801738.SI,电网设备,电网设备,L,20250926,278,0.76,33.32,1.277,False,True,True,0,0,0,0,False,上市时间不足
301669.SZ,301669,301669,高特电子,创业板,深市,创业板,801730.SI,电力设备,801733.SI,其他电源设备Ⅱ,其他电源设备Ⅱ,L,20260609,22,0.06,41.98,2.067,False,True,True,0,0,0,0,False,上市时间不足
301678.SZ,301678,301678,新恒汇,创业板,深市,创业板,801080.SI,电子,801081.SI,半导体,半导体,L,20250620,376,1.03,73.5,-6.773,False,True,True,0,0,0,0,False,上市时间不足
301680.SZ,301680,301680,固德电材,创业板,深市,创业板,801880.SI,汽车,801093.SI,汽车零部件,汽车零部件,L,20260306,117,0.32,113.16,-6.472,False,True,True,0,0,0,0,False,上市时间不足
301682.SZ,301682,301682,宏明电子,创业板,深市,创业板,801740.SI,国防军工,801745.SI,军工电子Ⅱ,军工电子Ⅱ,L,20260325,98,0.27,173.5,-1.471,False,True,True,0,0,0,0,False,上市时间不足
301683.SZ,301683,301683,慧谷新材,创业板,深市,创业板,801030.SI,基础化工,801034.SI,化学制品,化学制品,L,20260401,91,0.25,144.41,3.275,False,True,True,0,0,0,0,False,上市时间不足
301687.SZ,301687,301687,新广益,创业板,深市,创业板,801030.SI,基础化工,801036.SI,塑料,塑料,L,20251231,182,0.5,80.93,4.05,False,True,True,0,0,0,0,False,上市时间不足
301696.SZ,301696,301696,三瑞智能,创业板,深市,创业板,801730.SI,电力设备,801731.SI,电机Ⅱ,电机Ⅱ,L,20260410,82,0.22,118.22,0.042,False,True,True,0,0,0,0,False,上市时间不足
